Ecole_BID,Chaires
B00440694,CH ENTREPSOC
B00528750,
B00537907,CH E. MORIN
B00563387,
B00602539,
B00602573,CHAIRFILIERE
B00603102,CH PGC
B00603556,"CH ACCENTURE, FIL CONSTRAT"
B00603660,
B00603664,CHAIRFILIERE
B00604057,FIL CONSTRAT
B00604480,CH MSFE
B00605464,CH PGC
B00606464,CH ECO URB
B00606817,CH MEDIA
B00607028,
B00607183,"CH ECO URB, CH SANTE, FIL DROIT"
B00607186,CH PGC
B00681468,CH LEAD DIVE
B00684512,CH PGC
B00684517,CHAIRFILIERE
B00684549,FIL DROIT
B00684567,"CHAIRFILIERE, FIL DROIT"
B00684586,
B00684608,"CH ECO URB, CHAIRFILIERE"
B00684641,FIL DROIT
B00684650,
B00684672,
B00684679,CH PGC
B00684690,"CH ACCENTURE, CHAIRFILIERE"
B00684701,
B00684707,
B00684749,
B00684797,CH MEDIA
B00684820,CHAIRFILIERE
B00684839,CH PGC
B00684856,CH MSFE
B00684877,"CH PGC, FIL DROIT, FIL GOUV INT"
B00684885,CH DIGDISRUP
B00684900,CH ENTREPSOC
B00684982,
B00684986,
B00685002,CH DIGDISRUP
B00685006,
B00685036,
B00685037,CHAIRFILIERE
B00690393,
B00691047,
B00691659,FIL CONSTRAT
B00691683,"CH E. MORIN, CHAIRFILIERE"
B00692398,FIL GOUV INT
B00693454,"CH THERAP IN, FIL ACTUARIA"
B00693802,
B00694015,CHAIRFILIERE
B00694432,
B00695354,
B00695507,FIL CONSTRAT
B00696241,CH COM STRAT
B00697099,"CHAIRFILIERE, FIL GOUV INT"
B00697455,"CH THERAP IN, FIL AGRIFOOD"
B00697596,"CH LEAD DIVE, FIL CEC"
B00697761,"CH SANTE, CH THERAP IN"
B00705173,"CH ACCENTURE, CHAIRFILIERE"
B00705201,
B00705235,CH LVMH
B00705255,"CH ENTREPSOC, CHAIRFILIERE"
B00705257,CHAIRFILIERE
B00705267,
B00705292,
B00705295,CH ECO URB
B00705298,CHAIRFILIERE
B00705300,CH ECO URB
B00705314,FIL CONSTRAT
B00705325,CH MEDIA
B00705352,CH ENTREPSOC
B00705360,"CH ECO URB, FIL AFF PUB"
B00705370,
B00705387,FIL GOUV INT
B00705418,
B00705435,
B00705455,CH MEDIA
B00705471,
B00705478,CHAIRFILIERE
B00705483,"CHAIRFILIERE, FIL ECONOMIE"
B00705507,
B00705508,CHAIRFILIERE
B00705515,"FIL CONSTRAT, FIL GOUV INT"
B00705520,CH E. MORIN
B00705536,FIL DROIT
B00705556,CH MEDIA
B00705557,
B00705564,
B00705570,"CH PGC, CHAIRFILIERE"
B00705577,CHAIRFILIERE
B00705579,CH DIGDISRUP
B00705613,
B00705618,CH ACCENTURE
B00705642,CH ENTREPSOC
B00705695,"CHAIRFILIERE, FIL DROIT"
B00705700,
B00705730,"CH IMMO DD, CHAIRFILIERE, FIL IMM RICS"
B00705794,
B00707512,
B00707619,CH LEAD DIVE
B00708019,"CH IMMO DD, FIL IMM RICS"
B00708312,"FIL CEC, FIL COMPTABL"
B00708539,
B00708557,FIL CONSTRAT
B00711778,
B00712178,FIL CONSTRAT
B00713216,"FIL CONSTRAT, FIL FOODBUS, FIL GOUV INT"
B00713229,"CH BEAUTY, CH LVMH"
B00713311,
B00713951,
B00714910,FIL AGRIFOOD
B00715389,
B00715399,CH DIGDISRUP
B00716309,CH ECO URB
B00716686,"CH DIGDISRUP, FIL ENTREP"
B00717182,CH LVMH
B00717236,"CH THERAP IN, CHAIRFILIERE, FIL CONSTRAT"
B00717312,
B00717691,"CH DIGDISRUP, FIL CONSTRAT"
B00717882,"CH IMMO DD, FIL IMM RICS"
B00718589,CH LVMH
B00718713,
B00718852,
B00719036,
B00719048,"CHAIRFILIERE, FIL AGRIFOOD"
B00719081,
B00719123,
B00719267,CH ACCENTURE
B00719904,CHAIRFILIERE
B00720157,CHAIRFILIERE
B00720295,FIL GOUV INT
B00721215,FIL ENTREP
B00721381,
B00721751,"CH THERAP IN, CHAIRFILIERE"
B00722023,CH PGC
B00722214,CH ECO URB
B00722464,
B00722626,
B00723080,
B00723630,
B00724102,
B00725391,
B00727273,
B00736760,CH PGC
B00742773,
B00745245,"CH SANTE, CH THERAP IN"
B00748022,CH ACCENTURE
B00748123,CH MEDIA
